{"cameraMode":{"drawMode":0,"name":"Shaded","section":"Shading Mode"},"sceneLighting":false,"audioPlay":false,"sceneViewState":{"m_AlwaysRefresh":false,"showFog":true,"showSkybox":true,"showFlares":true,"showImageEffects":true,"showParticleSystems":true,"showVisualEffectGraphs":true,"m_FxEnabled":true},"in2DMode":false,"pivot":{"x":-22.025896072387697,"y":50.467498779296878,"z":23.41047477722168},"rotation":{"x":-0.37999990582466128,"y":-0.6141636371612549,"z":0.43529096245765688,"w":-0.5379541516304016},"size":1.5805776119232178,"orthographic":false}