{"cameraMode":{"drawMode":0,"name":"Shaded","section":"Shading Mode"},"sceneLighting":false,"audioPlay":false,"sceneViewState":{"m_AlwaysRefresh":false,"showFog":true,"showSkybox":true,"showFlares":true,"showImageEffects":true,"showParticleSystems":true,"showVisualEffectGraphs":true,"m_FxEnabled":true},"in2DMode":false,"pivot":{"x":-14.241496086120606,"y":0.9187629222869873,"z":31.799171447753908},"rotation":{"x":-0.07965338230133057,"y":-0.8738359808921814,"z":0.15307565033435822,"w":-0.45500391721725466},"size":2.598076105117798,"orthographic":false}