{"cameraMode":{"drawMode":0,"name":"Shaded","section":"Shading Mode"},"sceneLighting":false,"audioPlay":false,"sceneViewState":{"m_AlwaysRefresh":false,"showFog":true,"showSkybox":true,"showFlares":true,"showImageEffects":true,"showParticleSystems":true,"showVisualEffectGraphs":true,"m_FxEnabled":true},"in2DMode":false,"pivot":{"x":7.932791233062744,"y":30.557825088500978,"z":-27.029312133789064},"rotation":{"x":-0.4727695882320404,"y":0.05866410955786705,"z":-0.03146693855524063,"w":-0.8789543509483337},"size":1.5805776119232178,"orthographic":false}